triangles,lighting,textured,duration_s,avg_fps,cpu_percent_mean,cpu_percent_min,cpu_percent_max,cpu_percent_delta,process_cpu_percent_mean,process_cpu_percent_min,process_cpu_percent_max,process_cpu_percent_delta,gpu_util_mean,gpu_util_min,gpu_util_max,gpu_util_delta,gpu_util_observed,gpu_count,gpu_names,gpu_details,samples,cpu_model,notes
1,none,yes,10,742.1824,12.5000,10.9000,14.2000,3.3000,22.1000,18.0000,26.5000,8.5000,5.2000,2.1000,11.8000,9.7000,yes,1,NVIDIA GeForce RTX 3080,"NVIDIA GeForce RTX 3080:mean=5.20,max=11.80,min=2.10",9,Intel Core i7-12700K,
1,point,yes,10,721.5510,13.7000,11.5000,16.3000,4.8000,24.2000,19.3000,29.8000,10.5000,7.9000,3.2000,15.6000,12.4000,yes,1,NVIDIA GeForce RTX 3080,"NVIDIA GeForce RTX 3080:mean=7.90,max=15.60,min=3.20",9,Intel Core i7-12700K,
1,spot,yes,10,698.3305,14.6000,12.2000,18.4000,6.2000,25.9000,20.6000,33.1000,12.5000,9.4000,4.1000,18.9000,14.8000,yes,1,NVIDIA GeForce RTX 3080,"NVIDIA GeForce RTX 3080:mean=9.40,max=18.90,min=4.10",9,Intel Core i7-12700K,
25,none,yes,10,410.4421,28.2000,24.1000,34.8000,10.7000,41.5000,36.2000,49.6000,13.4000,32.8000,21.4000,46.5000,25.1000,yes,1,NVIDIA GeForce RTX 3080,"NVIDIA GeForce RTX 3080:mean=32.80,max=46.50,min=21.40",9,Intel Core i7-12700K,
25,point,yes,10,392.9978,30.6000,26.3000,38.4000,12.1000,44.9000,39.5000,53.2000,13.7000,36.5000,24.9000,52.2000,27.3000,yes,1,NVIDIA GeForce RTX 3080,"NVIDIA GeForce RTX 3080:mean=36.50,max=52.20,min=24.90",9,Intel Core i7-12700K,
25,spot,yes,10,365.8834,33.8000,28.5000,42.9000,14.4000,48.7000,42.6000,58.8000,16.2000,41.2000,27.6000,58.3000,30.7000,yes,1,NVIDIA GeForce RTX 3080,"NVIDIA GeForce RTX 3080:mean=41.20,max=58.30,min=27.60",9,Intel Core i7-12700K,
100,none,yes,10,188.6622,51.4000,44.8000,60.5000,15.7000,63.3000,55.9000,72.8000,16.9000,68.7000,55.1000,81.9000,26.8000,yes,1,NVIDIA GeForce RTX 3080,"NVIDIA GeForce RTX 3080:mean=68.70,max=81.90,min=55.10",9,Intel Core i7-12700K,
100,point,yes,10,176.5517,54.9000,47.2000,64.6000,17.4000,67.8000,59.2000,78.3000,19.1000,72.4000,58.9000,86.6000,27.7000,yes,1,NVIDIA GeForce RTX 3080,"NVIDIA GeForce RTX 3080:mean=72.40,max=86.60,min=58.90",9,Intel Core i7-12700K,
100,spot,yes,10,158.3328,59.1000,50.6000,69.8000,19.2000,71.9000,63.0000,84.4000,21.4000,78.2000,63.5000,93.5000,30.0000,yes,1,NVIDIA GeForce RTX 3080,"NVIDIA GeForce RTX 3080:mean=78.20,max=93.50,min=63.50",9,Intel Core i7-12700K,
